<?xml version="1.0" encoding="UTF-8"?>
<!DOCTYPE xkbConfigRegistry SYSTEM "xkb.dtd">
<xkbConfigRegistry>
  <modelList/>
  <layoutList>
    <layout>
      <configItem>
        <name>apl</name>
        <shortDescription>APL</shortDescription>
        <description>APL</description>
        <languageList><iso639Id>eng</iso639Id></languageList>
      </configItem>
      <variantList/>
    </layout>
    <layout>
      <configItem>
        <name>us</name>
        <shortDescription>USA</shortDescription>
        <description>USA</description>
        <languageList><iso639Id>eng</iso639Id></languageList>
      </configItem>
      <variantList>
        <variant>
          <configItem>
            <name>intl-unicode</name>
            <description>International (AltGr Unicode combining)</description>
          </configItem>
        </variant>
        <variant>
          <configItem>
            <name>alt-intl-unicode</name>
            <description>International (AltGr Unicode combining, alternative)</description>
          </configItem>
        </variant>
        <variant>
          <configItem>
            <name>ats</name>
            <description>Atsina</description>
            
          </configItem>
        </variant>
        <variant>
          <configItem>
            <name>crd</name>
            <description>Couer D'alene Salish</description>
            <languageList><iso639Id>crd</iso639Id></languageList>
          </configItem>
        </variant>
      </variantList>
    </layout>
    <layout>
      <configItem>
        <name>rs</name>
        <shortDescription>SRB</shortDescription>
        <description>Serbia</description>
        <languageList><iso639Id>srp</iso639Id></languageList>
      </configItem>
      <variantList>
        <variant>
          <configItem>
            <name>combiningkeys</name>
            <description>Combining accents instead of dead keys</description>
          </configItem>
        </variant>
      </variantList>
    </layout>
  </layoutList>
  <optionList/>
</xkbConfigRegistry>